archivo,sha256,bytes
.gitignore,f3c917b2f7e701a07e0a373d18abea12e78cabe3f8a81d524a79334c2e38e663,392
README.md,ee51465223c97a36f77af507cc1bd991387eeaf56f6b2abceea3a1b3045034c7,8135
VALIDACION.md,24ad3a17bb4c6e22d7f2359ae47dd4849573f7e5950964586b39077b0c548cae,1669
analisis_enemdu_2025.py,79e261dbfbf740f63cc51c6a5aa36ea62f9b6c7b34fa5cf44ff7b7086ae7352a,52934
data/README.md,68a760db92d3178543b98c6d544e2f5c8105e4d677cc4a796f682903755c3f69,795
data/raw/.gitkeep,e3b0c44298fc1c149afbf4c8996fb92427ae41e4649b934ca495991b7852b855,0
data/raw/2_BDD_DATOS_ABIERTOS_ENEMDU_2025_CSV.zip,a2dc06b14b84ac2908f59313a70676f9b5c1b697b4780e744452585e60dbcbe8,13860758
data/raw/ENEMDU_Tabulados_anual_2025-CSV.zip,1cec576fbf544e0d060103ab57952ec1721871caf0626113113b8d6ae5ab458e,140641
requirements.txt,f3a0b9d8a42aeec64a072e919015a230c2212a7f50801bdb9183049298186961,350
resultados_referencia/environment.json,d0609a1e5a3be071f3c27a5f37e57056fcba008220abe514aae69d6b26f04d69,590
resultados_referencia/outputs/audit/audit_summary.json,13de4b4f88a8bdd365bce409fc196a5347a99a7a9b4a7ac354c9ee553db5c73f,821
resultados_referencia/outputs/audit/candidate_quality.csv,40393916a8b72e89a3f2036a938dd5ade8a690e2286f7ced528b7061b6a6837f,140
resultados_referencia/outputs/audit/split_sensitivity.csv,3584fae3d960a00f075eca601487c1541daca61d93fd6f6555a6ad2d185e3441,372
resultados_referencia/outputs/figures/age.png,05bcadfb80bf252e886549117ebf91143b281e9e7079bbd571fc3fbc171154a0,49770
resultados_referencia/outputs/figures/associations.png,b847ff22b3d9c027b30362e66cfa727a7ce2ed22d3e2dcec7379d925d9e4d4d8,264765
resultados_referencia/outputs/figures/calibration.png,ce038c7b1689a4323db5013cc4d683b34498586efcdc7aa6c8b0cf5d0d9293d3,93596
resultados_referencia/outputs/figures/confusion.png,a14a4df9a11db0182db5585d949baa35f0929a9e81ab159038ebe151a865de2e,60055
resultados_referencia/outputs/figures/confusion_weighted.png,b79230eabaf8eef3280d69b29a0f8755ad77fb3d13fb0dee5f0de4c7b41752df,74624
resultados_referencia/outputs/figures/denominators.png,3328473b87d4dd28d195215122f7e6f0c32bb6687e7e5cf18708eb4c3c45f61e,49885
resultados_referencia/outputs/figures/importance.png,2f7ce59514438226c4b56af492a298159a15e11334c1b3b592224b10fe931b65,57075
resultados_referencia/outputs/figures/paired_uncertainty.png,9bed626fef54b1cd586d6f6290a7c25491f5469430e818092fa90dab55cda98d,50727
resultados_referencia/outputs/figures/profiles.png,43cfbcdf3fc6a20442b35affb526e98c8d6360764c6fa0c726ddde6f07d71008,62566
resultados_referencia/outputs/figures/roc_pr.png,53f05cbf209c3b48549522203ca64e5a3978bce412041aa545ab43f5e234b6cf,88235
resultados_referencia/outputs/figures/sensibilidad_predictores.png,0ea049e3a72fb4d5a834e14936c93c28a48475da925b5e764bd6db9ada6de271,195194
resultados_referencia/outputs/figures/subgroups.png,5188c1120b9716451e9c46a1402386f1032f564659b3aa0dc0279c8d6d74fffd,54817
resultados_referencia/outputs/figures/territory.png,1c2f3ef1a956b578d44f0bf8e774a8833ffcfa49580ab220400db1c72c9da38f,106033
resultados_referencia/outputs/figures/thresholds.png,d96cf10462a59bb02c266a4362a596e34f1f6ec45fcdcf4d162ce4659796f19f,90353
resultados_referencia/outputs/tables/associations_cramers_v.csv,7efe384de88a6ce164ca55fd9884bdd9a06f21d149c04c83eee50bfe87fbab94,1930
resultados_referencia/outputs/tables/baseline.csv,84df774eaa48f55f8f8db767f278c82ec88ec0cfff6bbc37ac3a4ae6b0756d99,110
resultados_referencia/outputs/tables/bootstrap_intervals.csv,ec4b93ec9999368cb966138b9a0407009cd77635412c68810df85c73ee156286,400
resultados_referencia/outputs/tables/bootstrap_replicates.csv,6fa4883106a75490fc4f32664271a9cf7d70b8d6d59f1fb146f1fac7270b387a,32827
resultados_referencia/outputs/tables/calibration.csv,d439ba4ca550f89ee70a8b4654f26165c538f127e1deeb8fb0f938cafbe936c1,1192
resultados_referencia/outputs/tables/curves.csv,2ea55925e198e7aeb4c9c7cc4b69cee677b1b7e28f0909bcaf456ec9bcff6430,85265
resultados_referencia/outputs/tables/cv_metrics.csv,34038eba09dba1981c0dde7d1ac01164e1725ad3c2d4c8f284c65a64628339c9,4991
resultados_referencia/outputs/tables/descriptives.csv,6186f9290cc02c934b204086256652e73e472a83ecab21a86642b411c6ef1809,2839
resultados_referencia/outputs/tables/descriptives_extended.csv,848f6e92cfcda165b8f206d1b2e1d94c429ee0952be732d351d7e38d9edc9ce2,5415
resultados_referencia/outputs/tables/group_metrics.csv,312f984b7f60dd09f73ec96d4f092ea221c0dd45a6f2eea7f720e2f516ca3418,16579
resultados_referencia/outputs/tables/importance_logistic.csv,bc3e774f07aed7ccb3f0203fa1918a881309f016889f0db5d10a9c35883fce25,463
resultados_referencia/outputs/tables/importance_rf.csv,01628d34367b0deca0df4b8348b9b192b884dec529cf206f48c3397b5becbf63,467
resultados_referencia/outputs/tables/logistic_coefficients.csv,2c1d6f062a326104c62dbae2f3eeb3242f336cb37f8bd3c20f202a871aa4a8ea,4103
resultados_referencia/outputs/tables/logistic_odds_ratios.csv,d05fabbaa0731b912aaea557874430d920639e295116e3656d9d06b912afaa9e,7949
resultados_referencia/outputs/tables/model_selection.json,9b7eea4550de4040f836b91d732c0d2a0b18f6b131532e79a6b8a8c8cdd54acd,249
resultados_referencia/outputs/tables/odds_ratios_etiquetados.csv,a821694b9cd5d594112bd6fff4313f3121050650d44bc9c862bacf0ee809012a,38009
resultados_referencia/outputs/tables/preparation.json,0150b19c0bca63a37cbc3b975b6231f426a037a68f904fb841df95750653ed8c,974
resultados_referencia/outputs/tables/reproduction_check.csv,fe92630a8ba655748384c0824898ac81b1e10d7777bf0c839dca9c8effcf7c02,383
resultados_referencia/outputs/tables/sensibilidad_bootstrap_replicas.csv,973c8741a51828f5816172473bc785e049437c484096d3b71911a45f9e648de0,31054
resultados_referencia/outputs/tables/sensibilidad_predictores.csv,1a02f7f6ffe78ddbc6eb879f4b1ef296528265c89df54e74a3d9fdb2a634c54d,1854
resultados_referencia/outputs/tables/split_summary.csv,c9c48721f7c1e31d227867595d7a62c67fb615f9505de305375d572392bf92b8,265
resultados_referencia/outputs/tables/test_metrics.csv,0611572aa095ea73f4bc7a2c239f8527102a138a43b61a5f880ffdb39aa61ac5,1969
resultados_referencia/outputs/tables/thresholds_oof.csv,a5c243105452d99b3806e8cbede518f11d439465ef53b4acd4719cedbf742984,41863
resultados_referencia/outputs/tables/training_protocol.json,6fdee327af57009b0e88dbcb4bac656e23b4bb0e3aeb221c7a08146a7f98bf61,684
resultados_referencia/outputs/tables/verificacion_tesis.csv,5011f3624ab3a46bb0248fa830516e1bc81a3d62d58b2eed45d25808ff2aff25,723
resultados_referencia/validacion_ampliacion.json,2683aca852a5f1e74d6091e866159fff08ba9f78fca9d17f2d91373c2b3e1382,696
resultados_referencia/verificacion_reproduccion.md,293774560330c8b6ba9191cb089a2fc7ca21bc217ff8a0c8aab307b1b4d3666c,1198
